review,sentiment
Decent for the price.,neutral
Meh.,neutral
Okay performance.,neutral
Unhappy with this.,negative
"Perfect condition, happy with purchase.",positive
Worst purchase ever.,negative
Very good.,positive
Brilliant purchase.,positive
It's alright.,neutral
"Slow shipping, bad packaging.",negative
"Wonderful product, thank you.",positive
Top notch.,positive
"Highly recommended, excellent service.",positive
"Wonderful product, thank you.",positive
Brilliant purchase.,positive
Brilliant purchase.,positive
"Poor quality, not worth the money.",negative
Very good.,positive
"Superb, exceeded my expectations.",positive
Reliable and durable.,positive
Bad customer service.,negative
Passable.,neutral
"Outstanding, 5 stars.",positive
"Highly recommended, excellent service.",positive
Didn't meet expectations.,negative
Good price for the quality.,positive
Love the design and functionality.,positive
Frustrating to use.,negative
Arrived damaged.,negative
"Outstanding, 5 stars.",positive
"Nice, would buy again.",positive
"Normal, as expected.",neutral
"Disappointing, doesn't work.",negative
Meh.,neutral
Average product.,neutral
Passable.,neutral
This product is fantastic! I love it.,positive
"Highly recommended, excellent service.",positive
It's alright.,neutral
"Outstanding, 5 stars.",positive
Moderate satisfaction.,neutral
Average experience.,neutral
"Very satisfied, fast shipping.",positive
So-so.,neutral
Average experience.,neutral
Reliable and durable.,positive
"Waste of money, regret buying.",negative
Very good.,positive
Best one I've tried.,positive
This product is fantastic! I love it.,positive
"Not as described, false advertising.",negative
"Nice, would buy again.",positive
Unhappy with this.,negative
"Not as described, false advertising.",negative
Delighted with this.,positive
"Horrible, avoid this.",negative
"Disappointing, doesn't work.",negative
"Not as described, false advertising.",negative
Faulty item.,negative
Very bad experience.,negative
"No complaints, no praise.",neutral
"Superb, exceeded my expectations.",positive
It's alright.,neutral
Awful product.,negative
Good price for the quality.,positive
Low quality materials.,negative
Love the design and functionality.,positive
Top notch.,positive
Best one I've tried.,positive
Good price for the quality.,positive
"Waste of money, regret buying.",negative
Awful product.,negative
"Horrible, avoid this.",negative
"Nice, would buy again.",positive
"Wonderful product, thank you.",positive
"Highly recommended, excellent service.",positive
So-so.,neutral
"Slow shipping, bad packaging.",negative
"Highly recommended, excellent service.",positive
This product is fantastic! I love it.,positive
"Normal, as expected.",neutral
"Normal, as expected.",neutral
"Outstanding, 5 stars.",positive
"Superb, exceeded my expectations.",positive
"Highly recommended, excellent service.",positive
Unhappy with this.,negative
"Amazing, works as expected.",positive
"Waste of money, regret buying.",negative
"Waste of money, regret buying.",negative
Love the design and functionality.,positive
"Disappointing, doesn't work.",negative
Arrived damaged.,negative
"Horrible, avoid this.",negative
Unhappy with this.,negative
"Nice, would buy again.",positive
"Perfect condition, happy with purchase.",positive
This product is fantastic! I love it.,positive
Worst purchase ever.,negative
Top notch.,positive
Average product.,neutral
"No complaints, no praise.",neutral
"Waste of money, regret buying.",negative
It's fine.,neutral
Low quality materials.,negative
Not recommended.,negative
"Disappointing, doesn't work.",negative
Doesn't work properly.,negative
Very bad experience.,negative
Average experience.,neutral
"Very satisfied, fast shipping.",positive
Bad customer service.,negative
Acceptable.,neutral
"Outstanding, 5 stars.",positive
Arrived damaged.,negative
Faulty item.,negative
Moderate satisfaction.,neutral
Best one I've tried.,positive
"Wonderful product, thank you.",positive
Standard quality.,neutral
Best one I've tried.,positive
This product is fantastic! I love it.,positive
Brilliant purchase.,positive
"Poor quality, not worth the money.",negative
Bad customer service.,negative
"Horrible, avoid this.",negative
Worst purchase ever.,negative
Faulty item.,negative
"Not as described, false advertising.",negative
Top notch.,positive
Frustrating to use.,negative
Doesn't work properly.,negative
This product is fantastic! I love it.,positive
Reliable and durable.,positive
Unhappy with this.,negative
Delighted with this.,positive
Impressed with the performance.,positive
"Amazing, works as expected.",positive
"Perfect condition, happy with purchase.",positive
This product is fantastic! I love it.,positive
"Disappointing, doesn't work.",negative
Fair.,neutral
Fair.,neutral
Worst purchase ever.,negative
Didn't meet expectations.,negative
"Highly recommended, excellent service.",positive
Worst purchase ever.,negative
Standard quality.,neutral
"It's okay, nothing special.",neutral
"Waste of money, regret buying.",negative
"Poor quality, not worth the money.",negative
Top notch.,positive
"Poor quality, not worth the money.",negative
"Disappointing, doesn't work.",negative
Great quality and value for money.,positive
"Very satisfied, fast shipping.",positive
Didn't meet expectations.,negative
Best one I've tried.,positive
It's fine.,neutral
Low quality materials.,negative
Top notch.,positive
Love the design and functionality.,positive
"Disappointing, doesn't work.",negative
Overpriced for what it is.,negative
Top notch.,positive
Didn't meet expectations.,negative
Very good.,positive
Not recommended.,negative
"Superb, exceeded my expectations.",positive
Best one I've tried.,positive
Didn't meet expectations.,negative
Very good.,positive
"Not as described, false advertising.",negative
Impressed with the performance.,positive
"No complaints, no praise.",neutral
Awful product.,negative
"It's okay, nothing special.",neutral
Top notch.,positive
Top notch.,positive
Love the design and functionality.,positive
"Highly recommended, excellent service.",positive
Doesn't work properly.,negative
Brilliant purchase.,positive
"Disappointing, doesn't work.",negative
"Very satisfied, fast shipping.",positive
Acceptable.,neutral
"Fine, does the job.",neutral
Bad customer service.,negative
Meh.,neutral
"Disappointing, doesn't work.",negative
"Wonderful product, thank you.",positive
Impressed with the performance.,positive
Moderate satisfaction.,neutral
Awful product.,negative
Awesome item.,positive
"Very satisfied, fast shipping.",positive
"Waste of money, regret buying.",negative
Faulty item.,negative
Passable.,neutral
"Poor quality, not worth the money.",negative
"Wonderful product, thank you.",positive
Great quality and value for money.,positive
Average product.,neutral
"Normal, as expected.",neutral
"Outstanding, 5 stars.",positive
Very bad experience.,negative
Overpriced for what it is.,negative
Awful product.,negative
"Superb, exceeded my expectations.",positive
Awful product.,negative
Good price for the quality.,positive
Delighted with this.,positive
Fair.,neutral
Not recommended.,neutral
"Normal, as expected.",neutral
"Slow shipping, bad packaging.",negative
Brilliant purchase.,positive
Reliable and durable.,positive
Neutral feeling about it.,neutral
Frustrating to use.,negative
"Highly recommended, excellent service.",positive
Moderate satisfaction.,neutral
Typical.,neutral
Standard quality.,neutral
Didn't meet expectations.,negative
Meh.,neutral
Moderate satisfaction.,neutral
"Disappointing, doesn't work.",negative
Worst purchase ever.,negative
"This product is terrible, broke quickly.",negative
Good price for the quality.,positive
Best one I've tried.,positive
"It's okay, nothing special.",neutral
Faulty item.,negative
"Slow shipping, bad packaging.",negative
Awful product.,negative
"Amazing, works as expected.",positive
Doesn't work properly.,negative
So-so.,neutral
Frustrating to use.,negative
Top notch.,positive
Neutral feeling about it.,neutral
"Very satisfied, fast shipping.",positive
Average experience.,neutral
Awesome item.,positive
Acceptable.,neutral
"Poor quality, not worth the money.",negative
"Poor quality, not worth the money.",negative
"Normal, as expected.",neutral
Fair.,neutral
"Not bad, not great.",neutral
"Highly recommended, excellent service.",positive
Impressed with the performance.,positive
Passable.,neutral
Neutral feeling about it.,neutral
Fair.,neutral
"Highly recommended, excellent service.",positive
"Nice, would buy again.",positive
Low quality materials.,negative
Unhappy with this.,negative
Worst purchase ever.,negative
This product is fantastic! I love it.,positive
Moderate satisfaction.,neutral
Bad customer service.,negative
It's alright.,neutral
Arrived damaged.,negative
"Nice, would buy again.",positive
Bad customer service.,negative
Passable.,neutral
Worst purchase ever.,negative
"Disappointing, doesn't work.",negative
"Amazing, works as expected.",positive
Best one I've tried.,positive
Faulty item.,negative
Arrived damaged.,negative
"Outstanding, 5 stars.",positive
Very bad experience.,negative
Arrived damaged.,negative
Very good.,positive
Top notch.,positive
"Amazing, works as expected.",positive
Very good.,positive
Reliable and durable.,positive
Moderate satisfaction.,neutral
"Amazing, works as expected.",positive
Acceptable.,neutral
"Disappointing, doesn't work.",negative
Love the design and functionality.,positive
"Disappointing, doesn't work.",negative
"Not as described, false advertising.",negative
"Highly recommended, excellent service.",positive
Reliable and durable.,positive
Great quality and value for money.,positive
Doesn't work properly.,negative
Great quality and value for money.,positive
"Amazing, works as expected.",positive
"Wonderful product, thank you.",positive
Bad customer service.,negative
Delighted with this.,positive
So-so.,neutral
"Superb, exceeded my expectations.",positive
"Horrible, avoid this.",negative
"Nice, would buy again.",positive
Standard quality.,neutral
"Waste of money, regret buying.",negative
"Waste of money, regret buying.",negative
Top notch.,positive
Fair.,neutral
"Outstanding, 5 stars.",positive
"Perfect condition, happy with purchase.",positive
"Amazing, works as expected.",positive
Great quality and value for money.,positive
"Perfect condition, happy with purchase.",positive
"Wonderful product, thank you.",positive
Neutral feeling about it.,neutral
Brilliant purchase.,positive
"Slow shipping, bad packaging.",negative
"Poor quality, not worth the money.",negative
"Amazing, works as expected.",positive
Worst purchase ever.,negative
Delighted with this.,positive
Arrived damaged.,negative
Bad customer service.,negative
Meh.,neutral
Overpriced for what it is.,negative
Reliable and durable.,positive
Awesome item.,positive
Average experience.,neutral
"Amazing, works as expected.",positive
Typical.,neutral
"Perfect condition, happy with purchase.",positive
Arrived damaged.,negative
"Perfect condition, happy with purchase.",positive
"Slow shipping, bad packaging.",negative
"Horrible, avoid this.",negative
"Wonderful product, thank you.",positive
Doesn't work properly.,negative
Frustrating to use.,negative
"Disappointing, doesn't work.",negative
"Poor quality, not worth the money.",negative
"Highly recommended, excellent service.",positive
Low quality materials.,negative
Overpriced for what it is.,negative
Reliable and durable.,positive
"Waste of money, regret buying.",negative
"Outstanding, 5 stars.",positive
Frustrating to use.,negative
"Horrible, avoid this.",negative
"This product is terrible, broke quickly.",negative
Awesome item.,positive
"Poor quality, not worth the money.",negative
"Perfect condition, happy with purchase.",positive
Moderate satisfaction.,neutral
"Slow shipping, bad packaging.",negative
Bad customer service.,negative
Arrived damaged.,negative
"Poor quality, not worth the money.",negative
Okay performance.,neutral
Overpriced for what it is.,negative
Overpriced for what it is.,negative
"Poor quality, not worth the money.",negative
Unhappy with this.,negative
Not recommended.,negative
Delighted with this.,positive
Top notch.,positive
"Outstanding, 5 stars.",positive
Very bad experience.,negative
Brilliant purchase.,positive
Decent for the price.,neutral
Impressed with the performance.,positive
"Fine, does the job.",neutral
Unhappy with this.,negative
This product is fantastic! I love it.,positive
Unhappy with this.,negative
Impressed with the performance.,positive
"Wonderful product, thank you.",positive
"Poor quality, not worth the money.",negative
Not recommended.,negative
Worst purchase ever.,negative
Top notch.,positive
Very bad experience.,negative
So-so.,neutral
"Very satisfied, fast shipping.",positive
"Outstanding, 5 stars.",positive
"Horrible, avoid this.",negative
Good price for the quality.,positive
Arrived damaged.,negative
"No complaints, no praise.",neutral
Impressed with the performance.,positive
"Nice, would buy again.",positive
"Wonderful product, thank you.",positive
Very good.,positive
Unhappy with this.,negative
"Outstanding, 5 stars.",positive
"It's okay, nothing special.",neutral
"Wonderful product, thank you.",positive
Typical.,neutral
Very good.,positive
"Horrible, avoid this.",negative
Reliable and durable.,positive
"Slow shipping, bad packaging.",negative
Delighted with this.,positive
Good price for the quality.,positive
"This product is terrible, broke quickly.",negative
Bad customer service.,negative
Not recommended.,negative
Moderate satisfaction.,neutral
Didn't meet expectations.,negative
Best one I've tried.,positive
Worst purchase ever.,negative
"Wonderful product, thank you.",positive
Fair.,neutral
Love the design and functionality.,positive
"Poor quality, not worth the money.",negative
So-so.,neutral
Worst purchase ever.,negative
"Outstanding, 5 stars.",positive
"Poor quality, not worth the money.",negative
"Poor quality, not worth the money.",negative
Awful product.,negative
Arrived damaged.,negative
Overpriced for what it is.,negative
Acceptable.,neutral
"Horrible, avoid this.",negative
"Slow shipping, bad packaging.",negative
"Slow shipping, bad packaging.",negative
Great quality and value for money.,positive
"Slow shipping, bad packaging.",negative
"Not as described, false advertising.",negative
"Waste of money, regret buying.",negative
Frustrating to use.,negative
"Fine, does the job.",neutral
It's alright.,neutral
Reliable and durable.,positive
"Fine, does the job.",neutral
Good price for the quality.,positive
So-so.,neutral
Top notch.,positive
Frustrating to use.,negative
Brilliant purchase.,positive
Worst purchase ever.,negative
"Horrible, avoid this.",negative
Acceptable.,neutral
Standard quality.,neutral
"Perfect condition, happy with purchase.",positive
Awesome item.,positive
Very bad experience.,negative
"Slow shipping, bad packaging.",negative
"Perfect condition, happy with purchase.",positive
Very bad experience.,negative
It's alright.,neutral
"Normal, as expected.",neutral
"Wonderful product, thank you.",positive
"Horrible, avoid this.",negative
Low quality materials.,negative
"Not bad, not great.",neutral
"Nice, would buy again.",positive
"Poor quality, not worth the money.",negative
Very bad experience.,negative
"Outstanding, 5 stars.",positive
Overpriced for what it is.,negative
"This product is terrible, broke quickly.",negative
"Very satisfied, fast shipping.",positive
Very bad experience.,negative
Doesn't work properly.,negative
Acceptable.,neutral
Worst purchase ever.,negative
Bad customer service.,negative
Good price for the quality.,positive
Arrived damaged.,negative
"It's okay, nothing special.",neutral
Very bad experience.,negative
Not recommended.,negative
Delighted with this.,positive
"Outstanding, 5 stars.",positive
This product is fantastic! I love it.,positive
"Outstanding, 5 stars.",positive
Top notch.,positive
"Fine, does the job.",neutral
"Amazing, works as expected.",positive
"Amazing, works as expected.",positive
Low quality materials.,negative
"Highly recommended, excellent service.",positive
Worst purchase ever.,negative
Okay performance.,neutral
Good price for the quality.,positive
"Very satisfied, fast shipping.",positive
Not recommended.,negative
Bad customer service.,negative
Low quality materials.,negative
"This product is terrible, broke quickly.",negative
Delighted with this.,positive
Great quality and value for money.,positive
Not recommended.,negative
Love the design and functionality.,positive
"This product is terrible, broke quickly.",negative
So-so.,neutral
Typical.,neutral
Okay performance.,neutral
Standard quality.,neutral
